"corpus","word_length","n_words","ngram","letter","method","pos1","pos2","pos3","pos4","pos5","pos6","pos7","pos8","pos9","pos10"
"subtlex_uk",3,5268,"letter","A","token",6995238.00000005,5281182.00000001,108628,NA,NA,NA,NA,NA,NA,NA
"subtlex_uk",3,5268,"letter","B","token",2040308.00000001,41403.0000000002,152122,NA,NA,NA,NA,NA,NA,NA
"subtlex_uk",3,5268,"letter","C","token",977790.000000005,50277.9999999997,53422.0000000002,NA,NA,NA,NA,NA,NA,NA
"subtlex_uk",3,5268,"letter","D","token",868738.000000003,37382.0000000002,5870152.00000005,NA,NA,NA,NA,NA,NA,NA
"subtlex_uk",3,5268,"letter","E","token",241395,3071255.00000001,12817445.0000001,NA,NA,NA,NA,NA,NA,NA
"subtlex_uk",3,5268,"letter","F","token",2023542.99999999,248108.000000002,255803.000000002,NA,NA,NA,NA,NA,NA,NA
"subtlex_uk",3,5268,"letter","G","token",1350887.00000001,115785.000000001,307837,NA,NA,NA,NA,NA,NA,NA
"subtlex_uk",3,5268,"letter","H","token",2945202.00000001,10615897.0000001,104323,NA,NA,NA,NA,NA,NA,NA
"subtlex_uk",3,5268,"letter","I","token",184335.999999999,2296366.00000001,30254,NA,NA,NA,NA,NA,NA,NA
"subtlex_uk",3,5268,"letter","J","token",142173,660.999999999998,1301,NA,NA,NA,NA,NA,NA,NA
"subtlex_uk",3,5268,"letter","K","token",65246.0000000003,15377.9999999999,69129.0000000006,NA,NA,NA,NA,NA,NA,NA
"subtlex_uk",3,5268,"letter","L","token",653739.000000003,1017584.00000001,900452.000000007,NA,NA,NA,NA,NA,NA,NA
"subtlex_uk",3,5268,"letter","M","token",506764.000000002,44581.0000000003,549037.000000002,NA,NA,NA,NA,NA,NA,NA
"subtlex_uk",3,5268,"letter","N","token",3351784,5349761.00000005,1520850.00000001,NA,NA,NA,NA,NA,NA,NA
"subtlex_uk",3,5268,"letter","O","token",2260992.00000001,9755675.00000005,1026032,NA,NA,NA,NA,NA,NA,NA
"subtlex_uk",3,5268,"letter","P","token",399911,29386,234080.000000001,NA,NA,NA,NA,NA,NA,NA
"subtlex_uk",3,5268,"letter","Q","token",3382,172.000000000001,625,NA,NA,NA,NA,NA,NA,NA
"subtlex_uk",3,5268,"letter","R","token",218966,1557819,2710839.99999999,NA,NA,NA,NA,NA,NA,NA
"subtlex_uk",3,5268,"letter","S","token",1693159.00000001,144555,3282064.00000001,NA,NA,NA,NA,NA,NA,NA
"subtlex_uk",3,5268,"letter","T","token",10270094.0000001,130611.999999999,7028582.00000002,NA,NA,NA,NA,NA,NA,NA
"subtlex_uk",3,5268,"letter","U","token",89976.9999999995,2783409.00000001,4192153.00000006,NA,NA,NA,NA,NA,NA,NA
"subtlex_uk",3,5268,"letter","V","token",32336.0000000001,10500,11579,NA,NA,NA,NA,NA,NA,NA
"subtlex_uk",3,5268,"letter","W","token",2649853,418126.000000004,1447642,NA,NA,NA,NA,NA,NA,NA
"subtlex_uk",3,5268,"letter","X","token",638.000000000001,1915.00000000001,168735.000000001,NA,NA,NA,NA,NA,NA,NA
"subtlex_uk",3,5268,"letter","Y","token",4606954.00000006,73359,1726687.99999999,NA,NA,NA,NA,NA,NA,NA
"subtlex_uk",3,5268,"letter","Z","token",13223,548,10062,NA,NA,NA,NA,NA,NA,NA
"subtlex_uk",4,11790,"letter","A","token",589658.999999998,6642781,6540834.00000002,262474.000000001,NA,NA,NA,NA,NA,NA
"subtlex_uk",4,11790,"letter","B","token",1782320,65720.9999999998,118078,72313.0000000003,NA,NA,NA,NA,NA,NA
"subtlex_uk",4,11790,"letter","C","token",1115735,25125.0000000001,1405104,18472,NA,NA,NA,NA,NA,NA
"subtlex_uk",4,11790,"letter","D","token",1235014,110345,468792.000000001,2369166,NA,NA,NA,NA,NA,NA
"subtlex_uk",4,11790,"letter","E","token",581889.000000001,6227488.00000001,5507528,9162074,NA,NA,NA,NA,NA,NA
"subtlex_uk",4,11790,"letter","F","token",1900856,5415.00000000002,335987.000000001,154304,NA,NA,NA,NA,NA,NA
"subtlex_uk",4,11790,"letter","G","token",1196626,27682.0000000001,248488,327633.999999999,NA,NA,NA,NA,NA,NA
"subtlex_uk",4,11790,"letter","H","token",3301789.99999999,9011077.00000004,71250.0000000001,2299224.99999999,NA,NA,NA,NA,NA,NA
"subtlex_uk",4,11790,"letter","I","token",413325.000000002,5435153,2342434.00000002,56359.9999999999,NA,NA,NA,NA,NA,NA
"subtlex_uk",4,11790,"letter","J","token",968555.000000009,600.999999999998,2479,618.000000000002,NA,NA,NA,NA,NA,NA
"subtlex_uk",4,11790,"letter","K","token",959020.000000006,19811.9999999999,1306960.00000001,1749500,NA,NA,NA,NA,NA,NA
"subtlex_uk",4,11790,"letter","L","token",2474727,586474,2918823,2341796,NA,NA,NA,NA,NA,NA
"subtlex_uk",4,11790,"letter","M","token",2173443,20066.9999999999,1831272.00000001,1510649,NA,NA,NA,NA,NA,NA
"subtlex_uk",4,11790,"letter","N","token",842698.999999997,1287091.00000001,2213127,2764911.99999999,NA,NA,NA,NA,NA,NA
"subtlex_uk",4,11790,"letter","O","token",712277.999999999,6566905,2908833,513850.000000001,NA,NA,NA,NA,NA,NA
"subtlex_uk",4,11790,"letter","P","token",781158.000000001,106638,186482,527163.999999999,NA,NA,NA,NA,NA,NA
"subtlex_uk",4,11790,"letter","Q","token",22043.9999999999,343,472.999999999998,5912.00000000006,NA,NA,NA,NA,NA,NA
"subtlex_uk",4,11790,"letter","R","token",646586,1048558,3306998.00000001,1679455.00000001,NA,NA,NA,NA,NA,NA
"subtlex_uk",4,11790,"letter","S","token",2267664,117527.000000001,2419759.00000001,3069692.00000002,NA,NA,NA,NA,NA,NA
"subtlex_uk",4,11790,"letter","T","token",8614301.00000006,196412,2059631.99999999,7514594.00000003,NA,NA,NA,NA,NA,NA
"subtlex_uk",4,11790,"letter","U","token",137092.000000001,1987190.00000001,1019292.00000001,14557,NA,NA,NA,NA,NA,NA
"subtlex_uk",4,11790,"letter","V","token",612396.000000002,539032,2206015.99999999,5900.00000000001,NA,NA,NA,NA,NA,NA
"subtlex_uk",4,11790,"letter","W","token",5722669.99999999,171340.999999998,377849,846826.000000006,NA,NA,NA,NA,NA,NA
"subtlex_uk",4,11790,"letter","X","token",726,6654.99999999999,174039.999999998,23978.0000000001,NA,NA,NA,NA,NA,NA
"subtlex_uk",4,11790,"letter","Y","token",1209163.00000001,74863.0000000005,268986,2971377,NA,NA,NA,NA,NA,NA
"subtlex_uk",4,11790,"letter","Z","token",23629,1415,44811,20584,NA,NA,NA,NA,NA,NA
"subtlex_uk",5,19318,"letter","A","token",1513841,2176317,2462612.00000001,1208674,318838.000000001,NA,NA,NA,NA,NA
"subtlex_uk",5,19318,"letter","B","token",988371.999999999,699766.000000005,115949,165956,15232,NA,NA,NA,NA,NA
"subtlex_uk",5,19318,"letter","C","token",1323482,120646,220910,1344695,93059.0000000005,NA,NA,NA,NA,NA
"subtlex_uk",5,19318,"letter","D","token",640500,69337.0000000001,519122.999999998,462609.000000001,2221393,NA,NA,NA,NA,NA
"subtlex_uk",5,19318,"letter","E","token",395170.000000001,2031159,3435057.00000001,3190163,4439674.00000001,NA,NA,NA,NA,NA
"subtlex_uk",5,19318,"letter","F","token",957045,227538.999999999,62782.0000000004,118917,114140,NA,NA,NA,NA,NA
"subtlex_uk",5,19318,"letter","G","token",1293464.99999999,179992,1000497,260987.000000001,1415500.99999999,NA,NA,NA,NA,NA
"subtlex_uk",5,19318,"letter","H","token",740163.000000003,4502846.00000001,205729,844674.999999999,1084830,NA,NA,NA,NA,NA
"subtlex_uk",5,19318,"letter","I","token",144156,2182164,3704783,1221764,41745,NA,NA,NA,NA,NA
"subtlex_uk",5,19318,"letter","J","token",174494,842.000000000001,46896.0000000002,2502.00000000001,197,NA,NA,NA,NA,NA
"subtlex_uk",5,19318,"letter","K","token",187879,18865,254768,384240,1207931,NA,NA,NA,NA,NA
"subtlex_uk",5,19318,"letter","L","token",808401.000000001,888581.999999999,646105.000000001,2265657,798381,NA,NA,NA,NA,NA
"subtlex_uk",5,19318,"letter","M","token",956920.000000001,151814.999999999,468698.999999999,344906.000000001,101997,NA,NA,NA,NA,NA
"subtlex_uk",5,19318,"letter","N","token",473195.000000001,394468.000000001,966156,3310334.99999999,967243,NA,NA,NA,NA,NA
"subtlex_uk",5,19318,"letter","O","token",365212,4564927.99999999,2208212.00000001,358037,186622,NA,NA,NA,NA,NA
"subtlex_uk",5,19318,"letter","P","token",902892.999999999,291184.000000001,201167.000000001,209009.000000001,113382,NA,NA,NA,NA,NA
"subtlex_uk",5,19318,"letter","Q","token",253059.000000001,11382.9999999999,515.000000000001,782.999999999998,843.999999999998,NA,NA,NA,NA,NA
"subtlex_uk",5,19318,"letter","R","token",979744.999999998,1546377,1767663,2670688.00000001,1666816,NA,NA,NA,NA,NA
"subtlex_uk",5,19318,"letter","S","token",2217333,154287,334157.000000001,1552971,2891755,NA,NA,NA,NA,NA
"subtlex_uk",5,19318,"letter","T","token",4065032,971543.000000002,799816,1035350,2970787.00000001,NA,NA,NA,NA,NA
"subtlex_uk",5,19318,"letter","U","token",230066,799911.000000003,1968135,906837.000000006,12630,NA,NA,NA,NA,NA
"subtlex_uk",5,19318,"letter","V","token",141283,142581.000000001,601777,220587,333.999999999999,NA,NA,NA,NA,NA
"subtlex_uk",5,19318,"letter","W","token",2296019.00000001,128382,97746.9999999997,200113,55007.9999999998,NA,NA,NA,NA,NA
"subtlex_uk",5,19318,"letter","X","token",2229.00000000002,34030.0000000002,43055.0000000001,681,17070,NA,NA,NA,NA,NA
"subtlex_uk",5,19318,"letter","Y","token",307997.000000002,61947,181253,38063,1621661,NA,NA,NA,NA,NA
"subtlex_uk",5,19318,"letter","Z","token",6958.00000000001,2193,24942,45035.9999999999,7500.00000000002,NA,NA,NA,NA,NA
"subtlex_uk",6,24674,"letter","A","token",1047048,2099014,1404749,771215.999999999,474753,154655,NA,NA,NA,NA
"subtlex_uk",6,24674,"letter","B","token",990689,22407,252882.999999999,236041.000000001,18846,9823.00000000005,NA,NA,NA,NA
"subtlex_uk",6,24674,"letter","C","token",1195117,288194,611910.000000001,224370,555413,103081.999999999,NA,NA,NA,NA
"subtlex_uk",6,24674,"letter","D","token",478190.000000002,51281.0000000001,331559,544484.000000001,263365,1825834,NA,NA,NA,NA
"subtlex_uk",6,24674,"letter","E","token",474178.000000002,2825214,712044,1231725,3621602,2809033,NA,NA,NA,NA
"subtlex_uk",6,24674,"letter","F","token",727545,122868,331360,81098,12999,79858.9999999999,NA,NA,NA,NA
"subtlex_uk",6,24674,"letter","G","token",373600,35034,248622.000000001,456769.999999999,559302.000000001,979587.000000001,NA,NA,NA,NA
"subtlex_uk",6,24674,"letter","H","token",505381.000000001,993774.000000001,181646.000000001,382324.000000002,208196,396538.000000001,NA,NA,NA,NA
"subtlex_uk",6,24674,"letter","I","token",237069.999999999,1325449,854129.999999998,2025825,576898,24398,NA,NA,NA,NA
"subtlex_uk",6,24674,"letter","J","token",131329,302,22942,2735.00000000001,3047.99999999999,192.000000000001,NA,NA,NA,NA
"subtlex_uk",6,24674,"letter","K","token",77920.9999999997,20128,196794.000000001,372420.999999999,190068.000000001,34897.9999999999,NA,NA,NA,NA
"subtlex_uk",6,24674,"letter","L","token",903364.000000002,675356.999999999,666560,966986,2282249,356052,NA,NA,NA,NA
"subtlex_uk",6,24674,"letter","M","token",833395.000000002,94051,771737.000000001,254335.000000001,155234,144973,NA,NA,NA,NA
"subtlex_uk",6,24674,"letter","N","token",317387,588496,892963.000000002,1016299,1794750,976681.000000001,NA,NA,NA,NA
"subtlex_uk",6,24674,"letter","O","token",177307,2121216,1570734,1040161,768758.000000002,58566.0000000001,NA,NA,NA,NA
"subtlex_uk",6,24674,"letter","P","token",1436375,158635,288647,753761.999999999,115315,28929,NA,NA,NA,NA
"subtlex_uk",6,24674,"letter","Q","token",13508,20491,5191.99999999999,16935,4.99999999999996,244.000000000001,NA,NA,NA,NA
"subtlex_uk",6,24674,"letter","R","token",995201.000000001,1043979,1320618,615751.000000002,807101.000000001,1529324,NA,NA,NA,NA
"subtlex_uk",6,24674,"letter","S","token",1707213,131744,748813,421657.000000001,601384,1926278,NA,NA,NA,NA
"subtlex_uk",6,24674,"letter","T","token",824381.999999999,357286,1139329,1280760,597929.000000001,1055447,NA,NA,NA,NA
"subtlex_uk",6,24674,"letter","U","token",110313,835671,521162.000000001,910265.000000001,266987.999999999,3426.00000000001,NA,NA,NA,NA
"subtlex_uk",6,24674,"letter","V","token",95552,20076,417912.000000001,174132,34097.0000000001,1416,NA,NA,NA,NA
"subtlex_uk",6,24674,"letter","W","token",394620.000000001,33714,194757.999999999,181810.999999999,18127.0000000001,111153,NA,NA,NA,NA
"subtlex_uk",6,24674,"letter","X","token",1547,93059.9999999999,26190.9999999999,1688.00000000001,2345.00000000002,8236.00000000001,NA,NA,NA,NA
"subtlex_uk",6,24674,"letter","Y","token",26086,100454,324744.999999998,78493.9999999999,134327.999999999,1459300,NA,NA,NA,NA
"subtlex_uk",6,24674,"letter","Z","token",6495.00000000001,718.000000000001,18925,34281,17423.0000000001,2780.00000000001,NA,NA,NA,NA
"subtlex_uk",7,26018,"letter","A","token",753157,1295184,1260226,873450.000000002,930125.000000001,517660,123121,NA,NA,NA
"subtlex_uk",7,26018,"letter","B","token",1085080,37728.0000000002,139463,243920.000000001,95607.9999999998,8977.00000000001,3391.00000000001,NA,NA,NA
"subtlex_uk",7,26018,"letter","C","token",1183191,154690,889793.000000003,527539.999999999,201253,458271,65770.9999999999,NA,NA,NA
"subtlex_uk",7,26018,"letter","D","token",421698,39992,168566,372396,172384,331093,1154555,NA,NA,NA
"subtlex_uk",7,26018,"letter","E","token",442220.000000001,2386045,732959,768736.000000001,1447108,2349686,1672516,NA,NA,NA
"subtlex_uk",7,26018,"letter","F","token",547995.000000001,49421.0000000001,117500,154409,70255.0000000002,32649.9999999999,57263.9999999997,NA,NA,NA
"subtlex_uk",7,26018,"letter","G","token",332638,74166.9999999999,257490.000000001,276043,421404,342573.000000001,1864125,NA,NA,NA
"subtlex_uk",7,26018,"letter","H","token",412065,727794,68242,366011.999999999,488470.999999999,278775.999999999,356178.000000001,NA,NA,NA
"subtlex_uk",7,26018,"letter","I","token",200241,1104637,683652.000000002,786316.000000001,3114752,360762.000000001,24293.9999999999,NA,NA,NA
"subtlex_uk",7,26018,"letter","J","token",101465,484.999999999999,30345,33404,872.999999999998,329.000000000001,34.0000000000001,NA,NA,NA
"subtlex_uk",7,26018,"letter","K","token",118368,11542,16682.9999999999,530486,134905,30054.0000000001,53932.0000000001,NA,NA,NA
"subtlex_uk",7,26018,"letter","L","token",372046.000000001,478556.000000001,767184,789434.000000001,445663.000000001,543092,426180,NA,NA,NA
"subtlex_uk",7,26018,"letter","M","token",658214,168997,392864,259518,98855.0000000001,153462,182206.000000001,NA,NA,NA
"subtlex_uk",7,26018,"letter","N","token",236567.999999999,499356,856117.000000001,731968.000000001,488741,2541527,725805.000000001,NA,NA,NA
"subtlex_uk",7,26018,"letter","O","token",220620,1667413,1091704,447555.000000001,821820.999999999,474609.000000001,36986,NA,NA,NA
"subtlex_uk",7,26018,"letter","P","token",863308.000000002,164690,313839.999999999,411624,134544,64152.0000000002,25901,NA,NA,NA
"subtlex_uk",7,26018,"letter","Q","token",72479.0000000001,13501,18853,9290.99999999998,5278.99999999998,59.9999999999997,66,NA,NA,NA
"subtlex_uk",7,26018,"letter","R","token",504262,1028946,1457686,661881,461602,1022633,738332.999999999,NA,NA,NA
"subtlex_uk",7,26018,"letter","S","token",1169950,60993.0000000001,588923.000000001,562403,205374,906177.000000002,1761468,NA,NA,NA
"subtlex_uk",7,26018,"letter","T","token",809467.000000001,281115,831703.999999998,1465339,663947,466220,1061163,NA,NA,NA
"subtlex_uk",7,26018,"letter","U","token",66996,825520,387583.999999999,459816.999999999,791267.000000003,261969.999999999,4654,NA,NA,NA
"subtlex_uk",7,26018,"letter","V","token",130893,58455.0000000001,118409,195142,92918,161706,1161,NA,NA,NA
"subtlex_uk",7,26018,"letter","W","token",659172.999999999,45311.9999999999,80096.9999999998,262941,48065.9999999999,27636.9999999999,32750,NA,NA,NA
"subtlex_uk",7,26018,"letter","X","token",228.000000000001,144937,25624.9999999999,3914.00000000002,4719.99999999997,4161.00000000004,12045.0000000001,NA,NA,NA
"subtlex_uk",7,26018,"letter","Y","token",15469,50186.0000000001,75477.9999999998,107944,22622.9999999999,38730,999334,NA,NA,NA
"subtlex_uk",7,26018,"letter","Z","token",8827.99999999996,267,13251.0000000001,60443.0000000001,11497,9608.00000000001,3320.00000000001,NA,NA,NA
"subtlex_uk",8,22770,"letter","A","token",606762.000000002,746196.000000001,503566,429517,560758.000000001,524089,421566,51467.9999999999,NA,NA
"subtlex_uk",8,22770,"letter","B","token",371447,25994,60094.9999999999,156131.999999999,135846,289090.999999999,10888.0000000001,440,NA,NA
"subtlex_uk",8,22770,"letter","C","token",620775.000000001,312860.000000001,328351.000000001,283225,229048,159235,230894,97648.9999999999,NA,NA
"subtlex_uk",8,22770,"letter","D","token",340837,33419,140254,223065.000000001,265088.000000001,153116,131105,833340,NA,NA
"subtlex_uk",8,22770,"letter","E","token",387142,913971,638934.000000001,780941.999999999,576038.000000001,699444,1554220,864279,NA,NA
"subtlex_uk",8,22770,"letter","F","token",275589,40577,91838.9999999999,48378,46896,53152.0000000001,27070,47521.9999999999,NA,NA
"subtlex_uk",8,22770,"letter","G","token",124188,23069.9999999999,188943,197679,124918,122154,148338,940104.000000001,NA,NA
"subtlex_uk",8,22770,"letter","H","token",217299,367537.000000001,37067,139125,392498.000000001,197048,60356,118424,NA,NA
"subtlex_uk",8,22770,"letter","I","token",215994,493310,483792.000000001,800730.000000001,653432,1788032,193061,12271,NA,NA
"subtlex_uk",8,22770,"letter","J","token",32933,1242,31647.9999999999,9941.00000000001,714.000000000001,199,128.000000000001,4.00000000000001,NA,NA
"subtlex_uk",8,22770,"letter","K","token",26307,6628,15122.0000000001,50862,149830,23603.0000000001,10996,32982,NA,NA
"subtlex_uk",8,22770,"letter","L","token",116335,279538,322542,337921.000000001,399891,273628.000000001,666886.000000001,303355,NA,NA
"subtlex_uk",8,22770,"letter","M","token",367527,75168.0000000002,379878,161955,227019,73107,85114.9999999999,43408,NA,NA
"subtlex_uk",8,22770,"letter","N","token",117771,433043.000000001,442710.000000001,390215,398151,523854.000000001,1359440,590747.000000002,NA,NA
"subtlex_uk",8,22770,"letter","O","token",142163,1062440,602748,343663,329727,420309,446941.000000002,20855,NA,NA
"subtlex_uk",8,22770,"letter","P","token",739358,139605,247456,390664.000000001,145130,22947,15952,20622,NA,NA
"subtlex_uk",8,22770,"letter","Q","token",89867.0000000007,13166,12781,7335,9227.00000000005,1339,1.99999999999998,2.99999999999998,NA,NA
"subtlex_uk",8,22770,"letter","R","token",364214,763244,648200,488860.000000001,508077.000000001,456560.000000001,433298,499192,NA,NA
"subtlex_uk",8,22770,"letter","S","token",887852,39477,488746,388329,446303.000000001,153594,345223,1155569,NA,NA
"subtlex_uk",8,22770,"letter","T","token",397474,255971,534333.000000002,644805,740578,448715,406603,328428,NA,NA
"subtlex_uk",8,22770,"letter","U","token",53152.9999999998,507154.000000001,238597,335450.000000001,181589,158296,159544,1315,NA,NA
"subtlex_uk",8,22770,"letter","V","token",65037.9999999999,110905,122988,85174.9999999999,40862.9999999999,168192,33967.9999999999,791.999999999999,NA,NA
"subtlex_uk",8,22770,"letter","W","token",161366.000000001,27204,34392,48652.0000000002,56626,27528,8870.00000000003,50606.0000000005,NA,NA
"subtlex_uk",8,22770,"letter","X","token",223.000000000002,76049.0000000001,9935.00000000001,2772.99999999998,3058.00000000001,1068.00000000001,76.0000000000004,3604.00000000001,NA,NA
"subtlex_uk",8,22770,"letter","Y","token",49654.9999999998,21825,155415,12617,114785,14864,19675.0000000001,754194.000000002,NA,NA
"subtlex_uk",8,22770,"letter","Z","token",2005.00000000001,225.000000000001,3858,6455,21828,3840.99999999999,2799,1837.00000000001,NA,NA
"subtlex_uk",9,17911,"letter","A","token",303670,436198,373129,218421,404502,374876,425066.000000001,266720,44414,NA
"subtlex_uk",9,17911,"letter","B","token",261989,60541.9999999999,48227,34850.0000000001,49380.9999999999,84746.9999999996,65218.0000000002,2544.00000000002,1646,NA
"subtlex_uk",9,17911,"letter","C","token",617419,66625.0000000002,282281.999999999,202196,196009,215518,94672.9999999997,120429,81363.9999999996,NA
"subtlex_uk",9,17911,"letter","D","token",375182,57835,68561.9999999999,156661,73594.0000000001,165890,91011.0000000002,114428,480640,NA
"subtlex_uk",9,17911,"letter","E","token",319475.999999999,808796,332465,861370,675243.999999999,221895,516295.999999999,828547.000000001,704618.000000001,NA
"subtlex_uk",9,17911,"letter","F","token",216128,46427,215893,221641,59366.0000000002,51799,108815,9927.99999999998,2652,NA
"subtlex_uk",9,17911,"letter","G","token",95048,11592,97205.9999999999,117893,77256.9999999999,51843.9999999999,57603.0000000001,108311,606011,NA
"subtlex_uk",9,17911,"letter","H","token",127849,210343.000000001,38602,96459.9999999999,57712,339814,33182,32157,37193.9999999999,NA
"subtlex_uk",9,17911,"letter","I","token",259522,436506,195816,420488,434679,581400,1359492,131470,6554.00000000002,NA
"subtlex_uk",9,17911,"letter","J","token",16464,90.0000000000004,8720,2901,776.000000000001,479.000000000001,244.000000000002,11,0,NA
"subtlex_uk",9,17911,"letter","K","token",22503.0000000001,2231,5661.00000000001,43523.9999999999,34004.0000000001,11190,6524.00000000001,13789,22658,NA
"subtlex_uk",9,17911,"letter","L","token",99718.0000000001,107767,238532,290716,280267,194191,172969.000000001,461937,245775,NA
"subtlex_uk",9,17911,"letter","M","token",142065,153545.000000001,451851,124249,47740,129823,156277,54329.9999999998,38928,NA
"subtlex_uk",9,17911,"letter","N","token",61976.9999999998,242617,469199.999999999,187045,272448,357731,300353,1167445,375169,NA
"subtlex_uk",9,17911,"letter","O","token",145987,940210,234829,281621.000000001,287910,112126,392598.999999999,330025,15415,NA
"subtlex_uk",9,17911,"letter","P","token",355198,71454,268773.000000001,166725,75912.9999999999,49705,31071,21902,7224,NA
"subtlex_uk",9,17911,"letter","Q","token",44482.9999999997,13432,6738.00000000002,3799,356.999999999999,1561.99999999999,6550.00000000003,0,0,NA
"subtlex_uk",9,17911,"letter","R","token",184136,387815,447852.000000001,337082.999999999,436521.000000001,528648,109858,328521,159399,NA
"subtlex_uk",9,17911,"letter","S","token",656756,33539,291080,190918,251475,294988.999999999,198677,152721,803177,NA
"subtlex_uk",9,17911,"letter","T","token",159270,120984,303426,419558.999999999,584629.999999999,647851.000000001,368307,264493,513377,NA
"subtlex_uk",9,17911,"letter","U","token",33457,269903,105932,208048.000000001,204497,139650,141154,201278,1394,NA
"subtlex_uk",9,17911,"letter","V","token",45426,78441.9999999996,148506,49062.0000000001,27135.0000000001,43357.0000000001,27775.0000000001,62794,739.000000000002,NA
"subtlex_uk",9,17911,"letter","W","token",109771,10343,30972,22365.0000000001,55291.0000000001,65589.9999999998,4578,7993.00000000004,11637,NA
"subtlex_uk",9,17911,"letter","X","token",151.999999999998,108739,6600.00000000001,5719.00000000003,264.999999999998,139.000000000001,617.000000000002,216,923.000000000004,NA
"subtlex_uk",9,17911,"letter","Y","token",33568.0000000002,11400,11048.9999999999,6956,65665.9999999997,16166,15992,5278,525858,NA
"subtlex_uk",9,17911,"letter","Z","token",1533.00000000001,40.9999999999998,3275.99999999999,10743,3438.00000000001,1633,2190,1385,1976.00000000001,NA
"subtlex_uk",10,13135,"letter","A","token",230625,221363,143188,111815,106765,250234,245725,180359,139503,11970
"subtlex_uk",10,13135,"letter","B","token",71931.0000000001,81726.9999999995,21583,14945,25760,26973.0000000001,24101.0000000001,107558,1478,218.000000000001
"subtlex_uk",10,13135,"letter","C","token",332017,42477.0000000001,154204,120881,101862,164835,53075,36293.9999999999,131975,21537
"subtlex_uk",10,13135,"letter","D","token",214009,18637,126971,72586.0000000003,23987,90362.0000000001,42419,31344.0000000001,18937,283674
"subtlex_uk",10,13135,"letter","E","token",252191,438030,257297.999999999,490621.000000002,416244,265586,205304,531769.000000001,464374,366901
"subtlex_uk",10,13135,"letter","F","token",55885,14458,108341,80339.0000000001,17974,22366,9625.00000000001,24202.0000000001,2193,3700
"subtlex_uk",10,13135,"letter","G","token",163571.000000002,5741.99999999999,63005.0000000001,57049.0000000001,66956,56463,54899,25420,22695,295865.999999999
"subtlex_uk",10,13135,"letter","H","token",58673.0000000002,126041,12263,49361.0000000001,60262.9999999999,33910,164021.999999999,59106,8319.00000000001,27502.9999999999
"subtlex_uk",10,13135,"letter","I","token",188862,194930.000000001,99366.0000000002,215483,285917,293499,240130,767589,46638.9999999999,3227
"subtlex_uk",10,13135,"letter","J","token",7825.00000000002,29.9999999999999,3714.99999999999,2057,209,29.9999999999998,545.999999999999,1645,1.99999999999998,0
"subtlex_uk",10,13135,"letter","K","token",8211,1497,1281.00000000001,19153,14405,12794,3419.00000000001,9053.99999999999,7244.99999999998,5664.00000000001
"subtlex_uk",10,13135,"letter","L","token",34460.9999999999,44022.9999999999,132755,130262,216585,69372.9999999999,173978,138260,387726,87545
"subtlex_uk",10,13135,"letter","M","token",86467.9999999999,48742.0000000001,142760,104360,41331.0000000001,44970,243860.000000001,12126,8075,44439.0000000002
"subtlex_uk",10,13135,"letter","N","token",34745,269985,232123,113155,143822,280574.000000001,114703,201568,685119.000000001,301414
"subtlex_uk",10,13135,"letter","O","token",53171.0000000001,515643.000000002,111536,238309,135587,94883.0000000001,79840,158760,300697,4409
"subtlex_uk",10,13135,"letter","P","token",254986,65428,221719,112495,37755.0000000001,44465.0000000001,28203,12074,9185.99999999996,15291
"subtlex_uk",10,13135,"letter","Q","token",6213.00000000003,5134.99999999997,986,4524.00000000001,241,4581.99999999999,2801,605.999999999999,0,1.99999999999998
"subtlex_uk",10,13135,"letter","R","token",149195,189244,245018,307013.999999999,425357.000000002,237438,105204,67747.0000000001,154149,113455
"subtlex_uk",10,13135,"letter","S","token",197235,40100.0000000002,252551,111419,165231,229053,237509,66149,71882.0000000001,463898
"subtlex_uk",10,13135,"letter","T","token",140505,60770.0000000002,148203,202299,145568,279041,572986,169813,129569,312886.000000001
"subtlex_uk",10,13135,"letter","U","token",107041,142065,54041.9999999999,89205.0000000001,105573,146012,80220,65728.9999999999,91688.0000000001,371.999999999998
"subtlex_uk",10,13135,"letter","V","token",29987,122137.999999999,165600.000000002,61785,50114,19582.0000000001,12565,50412.0000000001,40506,159.999999999999
"subtlex_uk",10,13135,"letter","W","token",41260.0000000001,7258.00000000002,15832.9999999999,3958.99999999999,13118,30317.9999999999,12773,3388,6641.99999999997,727.999999999997
"subtlex_uk",10,13135,"letter","X","token",89.0000000000001,62151.0000000003,1332,3483.99999999999,698.999999999996,238.000000000001,1692.99999999999,324,7.99999999999992,612
"subtlex_uk",10,13135,"letter","Y","token",7934.99999999996,9275,9097.00000000003,4778,109548.999999999,10172,14435,4392.00000000003,806.999999999997,363921
"subtlex_uk",10,13135,"letter","Z","token",2596.00000000001,401.999999999999,1389,1593,2877.00000000002,682.000000000001,1097,2330.00000000001,263,280.000000000001
