"corpus","word_length","n_words","ngram","letter","method","freq"
"subtlex_uk",3,5268,"letter","A","type",1238
"subtlex_uk",3,5268,"letter","B","type",627
"subtlex_uk",3,5268,"letter","C","type",721
"subtlex_uk",3,5268,"letter","D","type",644
"subtlex_uk",3,5268,"letter","E","type",983
"subtlex_uk",3,5268,"letter","F","type",465
"subtlex_uk",3,5268,"letter","G","type",519
"subtlex_uk",3,5268,"letter","H","type",547
"subtlex_uk",3,5268,"letter","I","type",885
"subtlex_uk",3,5268,"letter","J","type",203
"subtlex_uk",3,5268,"letter","K","type",331
"subtlex_uk",3,5268,"letter","L","type",607
"subtlex_uk",3,5268,"letter","M","type",688
"subtlex_uk",3,5268,"letter","N","type",589
"subtlex_uk",3,5268,"letter","O","type",907
"subtlex_uk",3,5268,"letter","P","type",690
"subtlex_uk",3,5268,"letter","Q","type",63
"subtlex_uk",3,5268,"letter","R","type",750
"subtlex_uk",3,5268,"letter","S","type",935
"subtlex_uk",3,5268,"letter","T","type",746
"subtlex_uk",3,5268,"letter","U","type",679
"subtlex_uk",3,5268,"letter","V","type",317
"subtlex_uk",3,5268,"letter","W","type",363
"subtlex_uk",3,5268,"letter","X","type",157
"subtlex_uk",3,5268,"letter","Y","type",353
"subtlex_uk",3,5268,"letter","Z","type",227
"subtlex_uk",4,11790,"letter","A","type",4853
"subtlex_uk",4,11790,"letter","B","type",1412
"subtlex_uk",4,11790,"letter","C","type",1329
"subtlex_uk",4,11790,"letter","D","type",1738
"subtlex_uk",4,11790,"letter","E","type",4145
"subtlex_uk",4,11790,"letter","F","type",1064
"subtlex_uk",4,11790,"letter","G","type",1251
"subtlex_uk",4,11790,"letter","H","type",1623
"subtlex_uk",4,11790,"letter","I","type",3037
"subtlex_uk",4,11790,"letter","J","type",379
"subtlex_uk",4,11790,"letter","K","type",1103
"subtlex_uk",4,11790,"letter","L","type",2164
"subtlex_uk",4,11790,"letter","M","type",1574
"subtlex_uk",4,11790,"letter","N","type",2313
"subtlex_uk",4,11790,"letter","O","type",3518
"subtlex_uk",4,11790,"letter","P","type",1450
"subtlex_uk",4,11790,"letter","Q","type",85
"subtlex_uk",4,11790,"letter","R","type",2799
"subtlex_uk",4,11790,"letter","S","type",3286
"subtlex_uk",4,11790,"letter","T","type",2341
"subtlex_uk",4,11790,"letter","U","type",1952
"subtlex_uk",4,11790,"letter","V","type",530
"subtlex_uk",4,11790,"letter","W","type",866
"subtlex_uk",4,11790,"letter","X","type",228
"subtlex_uk",4,11790,"letter","Y","type",1138
"subtlex_uk",4,11790,"letter","Z","type",469
"subtlex_uk",5,19318,"letter","A","type",10280
"subtlex_uk",5,19318,"letter","B","type",2615
"subtlex_uk",5,19318,"letter","C","type",2813
"subtlex_uk",5,19318,"letter","D","type",3437
"subtlex_uk",5,19318,"letter","E","type",9476
"subtlex_uk",5,19318,"letter","F","type",1621
"subtlex_uk",5,19318,"letter","G","type",2521
"subtlex_uk",5,19318,"letter","H","type",3277
"subtlex_uk",5,19318,"letter","I","type",6269
"subtlex_uk",5,19318,"letter","J","type",590
"subtlex_uk",5,19318,"letter","K","type",2141
"subtlex_uk",5,19318,"letter","L","type",4910
"subtlex_uk",5,19318,"letter","M","type",3105
"subtlex_uk",5,19318,"letter","N","type",5386
"subtlex_uk",5,19318,"letter","O","type",6652
"subtlex_uk",5,19318,"letter","P","type",2587
"subtlex_uk",5,19318,"letter","Q","type",162
"subtlex_uk",5,19318,"letter","R","type",6276
"subtlex_uk",5,19318,"letter","S","type",7134
"subtlex_uk",5,19318,"letter","T","type",4983
"subtlex_uk",5,19318,"letter","U","type",3333
"subtlex_uk",5,19318,"letter","V","type",1007
"subtlex_uk",5,19318,"letter","W","type",1429
"subtlex_uk",5,19318,"letter","X","type",326
"subtlex_uk",5,19318,"letter","Y","type",3269
"subtlex_uk",5,19318,"letter","Z","type",738
"subtlex_uk",6,24674,"letter","A","type",14035
"subtlex_uk",6,24674,"letter","B","type",3783
"subtlex_uk",6,24674,"letter","C","type",4489
"subtlex_uk",6,24674,"letter","D","type",5890
"subtlex_uk",6,24674,"letter","E","type",16767
"subtlex_uk",6,24674,"letter","F","type",2197
"subtlex_uk",6,24674,"letter","G","type",4095
"subtlex_uk",6,24674,"letter","H","type",4596
"subtlex_uk",6,24674,"letter","I","type",10096
"subtlex_uk",6,24674,"letter","J","type",642
"subtlex_uk",6,24674,"letter","K","type",2715
"subtlex_uk",6,24674,"letter","L","type",8336
"subtlex_uk",6,24674,"letter","M","type",4737
"subtlex_uk",6,24674,"letter","N","type",9713
"subtlex_uk",6,24674,"letter","O","type",9431
"subtlex_uk",6,24674,"letter","P","type",3644
"subtlex_uk",6,24674,"letter","Q","type",250
"subtlex_uk",6,24674,"letter","R","type",10722
"subtlex_uk",6,24674,"letter","S","type",10402
"subtlex_uk",6,24674,"letter","T","type",7669
"subtlex_uk",6,24674,"letter","U","type",4939
"subtlex_uk",6,24674,"letter","V","type",1508
"subtlex_uk",6,24674,"letter","W","type",2071
"subtlex_uk",6,24674,"letter","X","type",394
"subtlex_uk",6,24674,"letter","Y","type",3853
"subtlex_uk",6,24674,"letter","Z","type",847
"subtlex_uk",7,26018,"letter","A","type",16228
"subtlex_uk",7,26018,"letter","B","type",4504
"subtlex_uk",7,26018,"letter","C","type",6305
"subtlex_uk",7,26018,"letter","D","type",7201
"subtlex_uk",7,26018,"letter","E","type",20227
"subtlex_uk",7,26018,"letter","F","type",2641
"subtlex_uk",7,26018,"letter","G","type",5780
"subtlex_uk",7,26018,"letter","H","type",5543
"subtlex_uk",7,26018,"letter","I","type",13373
"subtlex_uk",7,26018,"letter","J","type",580
"subtlex_uk",7,26018,"letter","K","type",2817
"subtlex_uk",7,26018,"letter","L","type",10574
"subtlex_uk",7,26018,"letter","M","type",5468
"subtlex_uk",7,26018,"letter","N","type",12429
"subtlex_uk",7,26018,"letter","O","type",11118
"subtlex_uk",7,26018,"letter","P","type",4495
"subtlex_uk",7,26018,"letter","Q","type",351
"subtlex_uk",7,26018,"letter","R","type",13700
"subtlex_uk",7,26018,"letter","S","type",13427
"subtlex_uk",7,26018,"letter","T","type",10306
"subtlex_uk",7,26018,"letter","U","type",5934
"subtlex_uk",7,26018,"letter","V","type",1663
"subtlex_uk",7,26018,"letter","W","type",2471
"subtlex_uk",7,26018,"letter","X","type",437
"subtlex_uk",7,26018,"letter","Y","type",3424
"subtlex_uk",7,26018,"letter","Z","type",883
"subtlex_uk",8,22770,"letter","A","type",15729
"subtlex_uk",8,22770,"letter","B","type",4126
"subtlex_uk",8,22770,"letter","C","type",6873
"subtlex_uk",8,22770,"letter","D","type",7136
"subtlex_uk",8,22770,"letter","E","type",20188
"subtlex_uk",8,22770,"letter","F","type",2795
"subtlex_uk",8,22770,"letter","G","type",5741
"subtlex_uk",8,22770,"letter","H","type",5523
"subtlex_uk",8,22770,"letter","I","type",13923
"subtlex_uk",8,22770,"letter","J","type",408
"subtlex_uk",8,22770,"letter","K","type",2696
"subtlex_uk",8,22770,"letter","L","type",10695
"subtlex_uk",8,22770,"letter","M","type",5273
"subtlex_uk",8,22770,"letter","N","type",12661
"subtlex_uk",8,22770,"letter","O","type",11158
"subtlex_uk",8,22770,"letter","P","type",4377
"subtlex_uk",8,22770,"letter","Q","type",341
"subtlex_uk",8,22770,"letter","R","type",13543
"subtlex_uk",8,22770,"letter","S","type",14067
"subtlex_uk",8,22770,"letter","T","type",10810
"subtlex_uk",8,22770,"letter","U","type",5778
"subtlex_uk",8,22770,"letter","V","type",1805
"subtlex_uk",8,22770,"letter","W","type",2373
"subtlex_uk",8,22770,"letter","X","type",364
"subtlex_uk",8,22770,"letter","Y","type",2917
"subtlex_uk",8,22770,"letter","Z","type",585
"subtlex_uk",9,17911,"letter","A","type",13468
"subtlex_uk",9,17911,"letter","B","type",3375
"subtlex_uk",9,17911,"letter","C","type",6422
"subtlex_uk",9,17911,"letter","D","type",6230
"subtlex_uk",9,17911,"letter","E","type",18251
"subtlex_uk",9,17911,"letter","F","type",2300
"subtlex_uk",9,17911,"letter","G","type",4889
"subtlex_uk",9,17911,"letter","H","type",4785
"subtlex_uk",9,17911,"letter","I","type",12780
"subtlex_uk",9,17911,"letter","J","type",290
"subtlex_uk",9,17911,"letter","K","type",2018
"subtlex_uk",9,17911,"letter","L","type",8942
"subtlex_uk",9,17911,"letter","M","type",4602
"subtlex_uk",9,17911,"letter","N","type",11730
"subtlex_uk",9,17911,"letter","O","type",10363
"subtlex_uk",9,17911,"letter","P","type",3917
"subtlex_uk",9,17911,"letter","Q","type",291
"subtlex_uk",9,17911,"letter","R","type",12078
"subtlex_uk",9,17911,"letter","S","type",12449
"subtlex_uk",9,17911,"letter","T","type",10143
"subtlex_uk",9,17911,"letter","U","type",5004
"subtlex_uk",9,17911,"letter","V","type",1618
"subtlex_uk",9,17911,"letter","W","type",1941
"subtlex_uk",9,17911,"letter","X","type",348
"subtlex_uk",9,17911,"letter","Y","type",2262
"subtlex_uk",9,17911,"letter","Z","type",476
"subtlex_uk",10,13135,"letter","A","type",10572
"subtlex_uk",10,13135,"letter","B","type",2834
"subtlex_uk",10,13135,"letter","C","type",5354
"subtlex_uk",10,13135,"letter","D","type",4638
"subtlex_uk",10,13135,"letter","E","type",14735
"subtlex_uk",10,13135,"letter","F","type",1717
"subtlex_uk",10,13135,"letter","G","type",3893
"subtlex_uk",10,13135,"letter","H","type",3818
"subtlex_uk",10,13135,"letter","I","type",10968
"subtlex_uk",10,13135,"letter","J","type",186
"subtlex_uk",10,13135,"letter","K","type",1374
"subtlex_uk",10,13135,"letter","L","type",7247
"subtlex_uk",10,13135,"letter","M","type",3768
"subtlex_uk",10,13135,"letter","N","type",9958
"subtlex_uk",10,13135,"letter","O","type",8372
"subtlex_uk",10,13135,"letter","P","type",3309
"subtlex_uk",10,13135,"letter","Q","type",215
"subtlex_uk",10,13135,"letter","R","type",9854
"subtlex_uk",10,13135,"letter","S","type",10173
"subtlex_uk",10,13135,"letter","T","type",8938
"subtlex_uk",10,13135,"letter","U","type",4134
"subtlex_uk",10,13135,"letter","V","type",1290
"subtlex_uk",10,13135,"letter","W","type",1344
"subtlex_uk",10,13135,"letter","X","type",269
"subtlex_uk",10,13135,"letter","Y","type",1827
"subtlex_uk",10,13135,"letter","Z","type",330
