"corpus","word_length","n_words","ngram","letter","method","pos1","pos2","pos3","pos4","pos5","pos6","pos7","pos8","pos9","pos10"
"subtlex_uk",3,5268,"letter","A","type",404,494,340,NA,NA,NA,NA,NA,NA,NA
"subtlex_uk",3,5268,"letter","B","type",266,158,203,NA,NA,NA,NA,NA,NA,NA
"subtlex_uk",3,5268,"letter","C","type",270,207,244,NA,NA,NA,NA,NA,NA,NA
"subtlex_uk",3,5268,"letter","D","type",259,163,222,NA,NA,NA,NA,NA,NA,NA
"subtlex_uk",3,5268,"letter","E","type",247,459,277,NA,NA,NA,NA,NA,NA,NA
"subtlex_uk",3,5268,"letter","F","type",179,123,163,NA,NA,NA,NA,NA,NA,NA
"subtlex_uk",3,5268,"letter","G","type",226,103,190,NA,NA,NA,NA,NA,NA,NA
"subtlex_uk",3,5268,"letter","H","type",198,162,187,NA,NA,NA,NA,NA,NA,NA
"subtlex_uk",3,5268,"letter","I","type",230,416,239,NA,NA,NA,NA,NA,NA,NA
"subtlex_uk",3,5268,"letter","J","type",135,20,48,NA,NA,NA,NA,NA,NA,NA
"subtlex_uk",3,5268,"letter","K","type",147,52,132,NA,NA,NA,NA,NA,NA,NA
"subtlex_uk",3,5268,"letter","L","type",204,203,200,NA,NA,NA,NA,NA,NA,NA
"subtlex_uk",3,5268,"letter","M","type",279,177,232,NA,NA,NA,NA,NA,NA,NA
"subtlex_uk",3,5268,"letter","N","type",229,162,198,NA,NA,NA,NA,NA,NA,NA
"subtlex_uk",3,5268,"letter","O","type",210,457,240,NA,NA,NA,NA,NA,NA,NA
"subtlex_uk",3,5268,"letter","P","type",274,186,230,NA,NA,NA,NA,NA,NA,NA
"subtlex_uk",3,5268,"letter","Q","type",39,11,13,NA,NA,NA,NA,NA,NA,NA
"subtlex_uk",3,5268,"letter","R","type",221,281,248,NA,NA,NA,NA,NA,NA,NA
"subtlex_uk",3,5268,"letter","S","type",304,254,377,NA,NA,NA,NA,NA,NA,NA
"subtlex_uk",3,5268,"letter","T","type",269,192,285,NA,NA,NA,NA,NA,NA,NA
"subtlex_uk",3,5268,"letter","U","type",159,361,159,NA,NA,NA,NA,NA,NA,NA
"subtlex_uk",3,5268,"letter","V","type",125,89,103,NA,NA,NA,NA,NA,NA,NA
"subtlex_uk",3,5268,"letter","W","type",174,98,91,NA,NA,NA,NA,NA,NA,NA
"subtlex_uk",3,5268,"letter","X","type",36,34,87,NA,NA,NA,NA,NA,NA,NA
"subtlex_uk",3,5268,"letter","Y","type",103,103,147,NA,NA,NA,NA,NA,NA,NA
"subtlex_uk",3,5268,"letter","Z","type",81,23,123,NA,NA,NA,NA,NA,NA,NA
"subtlex_uk",4,11790,"letter","A","type",814,2040,1004,995,NA,NA,NA,NA,NA,NA
"subtlex_uk",4,11790,"letter","B","type",732,122,357,201,NA,NA,NA,NA,NA,NA
"subtlex_uk",4,11790,"letter","C","type",584,166,431,148,NA,NA,NA,NA,NA,NA
"subtlex_uk",4,11790,"letter","D","type",632,127,412,567,NA,NA,NA,NA,NA,NA
"subtlex_uk",4,11790,"letter","E","type",465,1488,1128,1064,NA,NA,NA,NA,NA,NA
"subtlex_uk",4,11790,"letter","F","type",466,101,244,253,NA,NA,NA,NA,NA,NA
"subtlex_uk",4,11790,"letter","G","type",487,95,339,330,NA,NA,NA,NA,NA,NA
"subtlex_uk",4,11790,"letter","H","type",517,430,209,467,NA,NA,NA,NA,NA,NA
"subtlex_uk",4,11790,"letter","I","type",330,1293,808,606,NA,NA,NA,NA,NA,NA
"subtlex_uk",4,11790,"letter","J","type",281,15,60,23,NA,NA,NA,NA,NA,NA
"subtlex_uk",4,11790,"letter","K","type",404,94,232,373,NA,NA,NA,NA,NA,NA
"subtlex_uk",4,11790,"letter","L","type",524,495,658,487,NA,NA,NA,NA,NA,NA
"subtlex_uk",4,11790,"letter","M","type",586,188,422,378,NA,NA,NA,NA,NA,NA
"subtlex_uk",4,11790,"letter","N","type",450,313,876,674,NA,NA,NA,NA,NA,NA
"subtlex_uk",4,11790,"letter","O","type",375,1754,758,631,NA,NA,NA,NA,NA,NA
"subtlex_uk",4,11790,"letter","P","type",639,195,321,295,NA,NA,NA,NA,NA,NA
"subtlex_uk",4,11790,"letter","Q","type",55,12,11,7,NA,NA,NA,NA,NA,NA
"subtlex_uk",4,11790,"letter","R","type",536,751,1013,499,NA,NA,NA,NA,NA,NA
"subtlex_uk",4,11790,"letter","S","type",948,189,565,1584,NA,NA,NA,NA,NA,NA
"subtlex_uk",4,11790,"letter","T","type",723,216,584,818,NA,NA,NA,NA,NA,NA
"subtlex_uk",4,11790,"letter","U","type",194,1030,523,205,NA,NA,NA,NA,NA,NA
"subtlex_uk",4,11790,"letter","V","type",224,71,175,60,NA,NA,NA,NA,NA,NA
"subtlex_uk",4,11790,"letter","W","type",429,153,170,114,NA,NA,NA,NA,NA,NA
"subtlex_uk",4,11790,"letter","X","type",31,40,63,94,NA,NA,NA,NA,NA,NA
"subtlex_uk",4,11790,"letter","Y","type",218,204,189,527,NA,NA,NA,NA,NA,NA
"subtlex_uk",4,11790,"letter","Z","type",146,28,104,191,NA,NA,NA,NA,NA,NA
"subtlex_uk",5,19318,"letter","A","type",1259,3853,1752,1605,1811,NA,NA,NA,NA,NA
"subtlex_uk",5,19318,"letter","B","type",1371,135,514,490,105,NA,NA,NA,NA,NA
"subtlex_uk",5,19318,"letter","C","type",1194,219,572,661,167,NA,NA,NA,NA,NA
"subtlex_uk",5,19318,"letter","D","type",1025,146,678,738,850,NA,NA,NA,NA,NA
"subtlex_uk",5,19318,"letter","E","type",602,2349,1424,2903,2198,NA,NA,NA,NA,NA
"subtlex_uk",5,19318,"letter","F","type",809,95,290,276,151,NA,NA,NA,NA,NA
"subtlex_uk",5,19318,"letter","G","type",809,100,559,700,353,NA,NA,NA,NA,NA
"subtlex_uk",5,19318,"letter","H","type",841,919,322,453,742,NA,NA,NA,NA,NA
"subtlex_uk",5,19318,"letter","I","type",381,2002,1519,1541,826,NA,NA,NA,NA,NA
"subtlex_uk",5,19318,"letter","J","type",402,27,89,58,14,NA,NA,NA,NA,NA
"subtlex_uk",5,19318,"letter","K","type",642,149,331,647,372,NA,NA,NA,NA,NA
"subtlex_uk",5,19318,"letter","L","type",860,961,1255,1151,683,NA,NA,NA,NA,NA
"subtlex_uk",5,19318,"letter","M","type",1190,260,754,527,374,NA,NA,NA,NA,NA
"subtlex_uk",5,19318,"letter","N","type",635,489,1556,1357,1349,NA,NA,NA,NA,NA
"subtlex_uk",5,19318,"letter","O","type",429,2896,1337,1055,935,NA,NA,NA,NA,NA
"subtlex_uk",5,19318,"letter","P","type",1125,282,483,471,226,NA,NA,NA,NA,NA
"subtlex_uk",5,19318,"letter","Q","type",99,22,17,10,14,NA,NA,NA,NA,NA
"subtlex_uk",5,19318,"letter","R","type",868,1375,1831,1132,1070,NA,NA,NA,NA,NA
"subtlex_uk",5,19318,"letter","S","type",1961,265,854,819,3235,NA,NA,NA,NA,NA
"subtlex_uk",5,19318,"letter","T","type",1242,399,944,1322,1076,NA,NA,NA,NA,NA
"subtlex_uk",5,19318,"letter","U","type",197,1558,846,550,182,NA,NA,NA,NA,NA
"subtlex_uk",5,19318,"letter","V","type",340,87,349,205,26,NA,NA,NA,NA,NA
"subtlex_uk",5,19318,"letter","W","type",639,235,313,146,96,NA,NA,NA,NA,NA
"subtlex_uk",5,19318,"letter","X","type",26,53,121,23,103,NA,NA,NA,NA,NA
"subtlex_uk",5,19318,"letter","Y","type",222,322,336,230,2159,NA,NA,NA,NA,NA
"subtlex_uk",5,19318,"letter","Z","type",150,46,199,201,142,NA,NA,NA,NA,NA
"subtlex_uk",6,24674,"letter","A","type",1294,4955,2188,1806,2217,1575,NA,NA,NA,NA
"subtlex_uk",6,24674,"letter","B","type",1938,110,639,741,272,83,NA,NA,NA,NA
"subtlex_uk",6,24674,"letter","C","type",1822,380,839,707,546,195,NA,NA,NA,NA
"subtlex_uk",6,24674,"letter","D","type",1313,127,886,1202,499,1863,NA,NA,NA,NA
"subtlex_uk",6,24674,"letter","E","type",650,3445,1626,2044,6134,2868,NA,NA,NA,NA
"subtlex_uk",6,24674,"letter","F","type",1078,77,392,370,174,106,NA,NA,NA,NA
"subtlex_uk",6,24674,"letter","G","type",1152,103,721,934,462,723,NA,NA,NA,NA
"subtlex_uk",6,24674,"letter","H","type",1106,1163,368,754,513,692,NA,NA,NA,NA
"subtlex_uk",6,24674,"letter","I","type",365,2701,1518,2430,2491,591,NA,NA,NA,NA
"subtlex_uk",6,24674,"letter","J","type",433,20,87,62,27,13,NA,NA,NA,NA
"subtlex_uk",6,24674,"letter","K","type",727,131,289,866,478,224,NA,NA,NA,NA
"subtlex_uk",6,24674,"letter","L","type",1105,1113,1789,1727,1715,887,NA,NA,NA,NA
"subtlex_uk",6,24674,"letter","M","type",1715,266,1033,899,318,506,NA,NA,NA,NA
"subtlex_uk",6,24674,"letter","N","type",601,707,2058,1559,1910,2878,NA,NA,NA,NA
"subtlex_uk",6,24674,"letter","O","type",449,3609,1531,1280,1823,739,NA,NA,NA,NA
"subtlex_uk",6,24674,"letter","P","type",1502,346,656,690,295,155,NA,NA,NA,NA
"subtlex_uk",6,24674,"letter","Q","type",126,37,29,42,2,14,NA,NA,NA,NA
"subtlex_uk",6,24674,"letter","R","type",1203,1742,2743,1440,1407,2187,NA,NA,NA,NA
"subtlex_uk",6,24674,"letter","S","type",2684,256,1411,1274,782,3995,NA,NA,NA,NA
"subtlex_uk",6,24674,"letter","T","type",1448,510,1280,1905,1219,1307,NA,NA,NA,NA
"subtlex_uk",6,24674,"letter","U","type",303,2081,961,688,751,155,NA,NA,NA,NA
"subtlex_uk",6,24674,"letter","V","type",437,82,409,427,109,44,NA,NA,NA,NA
"subtlex_uk",6,24674,"letter","W","type",868,229,429,282,90,173,NA,NA,NA,NA
"subtlex_uk",6,24674,"letter","X","type",24,82,129,45,11,103,NA,NA,NA,NA
"subtlex_uk",6,24674,"letter","Y","type",196,281,428,191,310,2447,NA,NA,NA,NA
"subtlex_uk",6,24674,"letter","Z","type",135,26,203,265,95,123,NA,NA,NA,NA
"subtlex_uk",7,26018,"letter","A","type",1265,4930,2450,1804,2401,2045,1333,NA,NA,NA
"subtlex_uk",7,26018,"letter","B","type",2151,111,611,944,470,172,45,NA,NA,NA
"subtlex_uk",7,26018,"letter","C","type",2268,474,1044,1031,509,765,214,NA,NA,NA
"subtlex_uk",7,26018,"letter","D","type",1335,128,847,1262,716,519,2394,NA,NA,NA
"subtlex_uk",7,26018,"letter","E","type",731,3695,1855,1867,3359,6011,2709,NA,NA,NA
"subtlex_uk",7,26018,"letter","F","type",1112,82,393,566,230,152,106,NA,NA,NA
"subtlex_uk",7,26018,"letter","G","type",1194,81,801,1008,532,472,1692,NA,NA,NA
"subtlex_uk",7,26018,"letter","H","type",1079,1321,334,748,1023,354,684,NA,NA,NA
"subtlex_uk",7,26018,"letter","I","type",414,2640,1766,1622,4592,1818,521,NA,NA,NA
"subtlex_uk",7,26018,"letter","J","type",393,21,60,49,26,29,2,NA,NA,NA
"subtlex_uk",7,26018,"letter","K","type",529,126,187,845,489,196,445,NA,NA,NA
"subtlex_uk",7,26018,"letter","L","type",1010,1233,1847,1836,1866,1823,959,NA,NA,NA
"subtlex_uk",7,26018,"letter","M","type",1764,282,1005,939,668,294,516,NA,NA,NA
"subtlex_uk",7,26018,"letter","N","type",576,871,2217,1758,1291,3314,2402,NA,NA,NA
"subtlex_uk",7,26018,"letter","O","type",541,3635,1609,1164,1945,1561,663,NA,NA,NA
"subtlex_uk",7,26018,"letter","P","type",1759,366,680,928,455,140,167,NA,NA,NA
"subtlex_uk",7,26018,"letter","Q","type",123,71,50,65,33,2,7,NA,NA,NA
"subtlex_uk",7,26018,"letter","R","type",1336,2181,2891,1747,1250,2371,1924,NA,NA,NA
"subtlex_uk",7,26018,"letter","S","type",2957,242,1466,1572,929,1026,5235,NA,NA,NA
"subtlex_uk",7,26018,"letter","T","type",1540,571,1382,2160,1637,1540,1476,NA,NA,NA
"subtlex_uk",7,26018,"letter","U","type",305,2104,1155,686,764,799,121,NA,NA,NA
"subtlex_uk",7,26018,"letter","V","type",388,127,380,360,220,141,47,NA,NA,NA
"subtlex_uk",7,26018,"letter","W","type",973,237,327,472,187,132,143,NA,NA,NA
"subtlex_uk",7,26018,"letter","X","type",9,109,102,47,38,14,118,NA,NA,NA
"subtlex_uk",7,26018,"letter","Y","type",167,250,365,226,181,231,2004,NA,NA,NA
"subtlex_uk",7,26018,"letter","Z","type",99,24,172,244,175,86,83,NA,NA,NA
"subtlex_uk",8,22770,"letter","A","type",1238,3842,2184,1756,1933,2169,1708,899,NA,NA
"subtlex_uk",8,22770,"letter","B","type",1719,146,473,548,673,416,123,28,NA,NA
"subtlex_uk",8,22770,"letter","C","type",2067,536,1036,1045,749,507,691,242,NA,NA
"subtlex_uk",8,22770,"letter","D","type",1186,138,649,1033,706,563,515,2346,NA,NA
"subtlex_uk",8,22770,"letter","E","type",755,3159,1726,2302,1966,2934,4599,2747,NA,NA
"subtlex_uk",8,22770,"letter","F","type",1076,65,321,482,471,166,130,84,NA,NA
"subtlex_uk",8,22770,"letter","G","type",958,65,579,808,551,438,574,1768,NA,NA
"subtlex_uk",8,22770,"letter","H","type",926,1163,251,611,1025,622,258,667,NA,NA
"subtlex_uk",8,22770,"letter","I","type",467,2144,1614,1622,2079,4468,1160,369,NA,NA
"subtlex_uk",8,22770,"letter","J","type",218,13,71,39,34,22,10,1,NA,NA
"subtlex_uk",8,22770,"letter","K","type",429,105,180,605,498,198,276,405,NA,NA
"subtlex_uk",8,22770,"letter","L","type",840,1252,1625,1395,1745,1311,1720,807,NA,NA
"subtlex_uk",8,22770,"letter","M","type",1478,290,880,784,647,521,262,411,NA,NA
"subtlex_uk",8,22770,"letter","N","type",405,1006,1875,1462,1396,1478,3206,1833,NA,NA
"subtlex_uk",8,22770,"letter","O","type",474,3098,1507,1155,1314,1819,1330,461,NA,NA
"subtlex_uk",8,22770,"letter","P","type",1527,399,596,751,622,190,158,134,NA,NA
"subtlex_uk",8,22770,"letter","Q","type",104,84,53,53,19,26,1,1,NA,NA
"subtlex_uk",8,22770,"letter","R","type",1174,2082,2509,1607,1618,1311,1985,1257,NA,NA
"subtlex_uk",8,22770,"letter","S","type",2871,215,1261,1260,1262,814,1302,5082,NA,NA
"subtlex_uk",8,22770,"letter","T","type",1220,593,1233,1788,1644,1500,1548,1284,NA,NA
"subtlex_uk",8,22770,"letter","U","type",378,1609,1082,676,680,603,674,76,NA,NA
"subtlex_uk",8,22770,"letter","V","type",347,175,415,278,175,231,144,40,NA,NA
"subtlex_uk",8,22770,"letter","W","type",755,186,221,293,513,167,123,115,NA,NA
"subtlex_uk",8,22770,"letter","X","type",7,117,80,29,23,30,8,70,NA,NA
"subtlex_uk",8,22770,"letter","Y","type",89,211,236,203,270,126,200,1582,NA,NA
"subtlex_uk",8,22770,"letter","Z","type",62,10,81,131,108,87,55,51,NA,NA
"subtlex_uk",9,17911,"letter","A","type",1030,2842,1633,1294,1589,1612,1776,1112,580,NA
"subtlex_uk",9,17911,"letter","B","type",1256,139,345,405,446,428,285,55,16,NA
"subtlex_uk",9,17911,"letter","C","type",1759,447,939,852,693,620,334,575,203,NA
"subtlex_uk",9,17911,"letter","D","type",933,113,559,729,510,499,470,451,1966,NA
"subtlex_uk",9,17911,"letter","E","type",712,2596,1216,2082,2151,1290,2082,3592,2530,NA
"subtlex_uk",9,17911,"letter","F","type",766,71,283,267,332,329,86,104,62,NA
"subtlex_uk",9,17911,"letter","G","type",662,60,485,536,408,510,378,393,1457,NA
"subtlex_uk",9,17911,"letter","H","type",761,819,236,510,780,665,388,206,420,NA
"subtlex_uk",9,17911,"letter","I","type",518,1636,1071,1308,1618,1775,3807,840,207,NA
"subtlex_uk",9,17911,"letter","J","type",150,7,53,32,14,19,13,2,0,NA
"subtlex_uk",9,17911,"letter","K","type",237,71,97,454,321,140,153,242,303,NA
"subtlex_uk",9,17911,"letter","L","type",592,839,1255,1127,1016,1315,896,1398,504,NA
"subtlex_uk",9,17911,"letter","M","type",1189,266,770,593,451,465,288,206,374,NA
"subtlex_uk",9,17911,"letter","N","type",337,1014,1474,1131,1050,1459,1062,2734,1469,NA
"subtlex_uk",9,17911,"letter","O","type",438,2523,1134,943,1153,1080,1610,1209,273,NA
"subtlex_uk",9,17911,"letter","P","type",1288,345,652,579,429,277,124,137,86,NA
"subtlex_uk",9,17911,"letter","Q","type",67,72,42,45,17,27,21,0,0,NA
"subtlex_uk",9,17911,"letter","R","type",909,1526,1943,1381,1427,1582,975,1371,964,NA
"subtlex_uk",9,17911,"letter","S","type",2117,167,1073,874,1106,999,787,1158,4168,NA
"subtlex_uk",9,17911,"letter","T","type",845,464,1136,1506,1073,1511,1442,1160,1006,NA
"subtlex_uk",9,17911,"letter","U","type",395,1242,709,577,572,450,497,523,39,NA
"subtlex_uk",9,17911,"letter","V","type",266,144,322,245,138,177,143,158,25,NA
"subtlex_uk",9,17911,"letter","W","type",577,101,197,186,232,412,73,105,58,NA
"subtlex_uk",9,17911,"letter","X","type",6,158,66,18,13,12,36,7,32,NA
"subtlex_uk",9,17911,"letter","Y","type",59,190,147,132,223,166,102,119,1124,NA
"subtlex_uk",9,17911,"letter","Z","type",42,7,61,70,69,60,74,50,43,NA
"subtlex_uk",10,13135,"letter","A","type",699,1844,1169,826,999,1320,1526,1067,768,354
"subtlex_uk",10,13135,"letter","B","type",901,93,285,305,292,323,255,333,39,8
"subtlex_uk",10,13135,"letter","C","type",1313,293,663,670,484,677,391,272,406,185
"subtlex_uk",10,13135,"letter","D","type",725,87,449,555,346,303,302,278,263,1330
"subtlex_uk",10,13135,"letter","E","type",530,1987,913,1511,1733,1303,888,1451,2737,1682
"subtlex_uk",10,13135,"letter","F","type",553,54,225,187,153,250,127,71,63,34
"subtlex_uk",10,13135,"letter","G","type",426,23,327,341,318,328,429,254,261,1186
"subtlex_uk",10,13135,"letter","H","type",529,598,152,359,499,466,402,355,167,291
"subtlex_uk",10,13135,"letter","I","type",513,1260,719,920,1276,1258,1494,2858,552,118
"subtlex_uk",10,13135,"letter","J","type",88,3,38,25,13,4,10,4,1,0
"subtlex_uk",10,13135,"letter","K","type",162,35,48,269,217,57,106,138,176,166
"subtlex_uk",10,13135,"letter","L","type",421,561,891,771,828,738,809,699,1178,351
"subtlex_uk",10,13135,"letter","M","type",865,206,571,480,388,322,313,190,156,277
"subtlex_uk",10,13135,"letter","N","type",232,960,1134,821,687,1086,1021,806,2117,1094
"subtlex_uk",10,13135,"letter","O","type",290,1830,838,754,902,730,851,1098,923,156
"subtlex_uk",10,13135,"letter","P","type",1013,233,530,453,332,299,195,116,74,64
"subtlex_uk",10,13135,"letter","Q","type",49,32,26,42,12,21,7,25,0,1
"subtlex_uk",10,13135,"letter","R","type",694,1165,1429,1050,1081,1145,967,634,972,717
"subtlex_uk",10,13135,"letter","S","type",1452,115,859,688,800,770,759,558,768,3404
"subtlex_uk",10,13135,"letter","T","type",624,294,922,1192,884,864,1402,1289,818,649
"subtlex_uk",10,13135,"letter","U","type",413,941,471,426,432,304,372,335,423,17
"subtlex_uk",10,13135,"letter","V","type",161,129,190,184,120,138,116,103,142,7
"subtlex_uk",10,13135,"letter","W","type",415,75,96,100,109,231,183,49,54,32
"subtlex_uk",10,13135,"letter","X","type",6,123,35,19,13,15,14,19,2,23
"subtlex_uk",10,13135,"letter","Y","type",35,149,98,99,134,107,135,61,42,967
"subtlex_uk",10,13135,"letter","Z","type",26,6,42,51,29,28,39,62,29,18
