"corpus","word_length","n_words","ngram","letter","method","freq"
"subtlex_uk",3,5268,"letter","A","token",12385048.0000001
"subtlex_uk",3,5268,"letter","B","token",2233833.00000001
"subtlex_uk",3,5268,"letter","C","token",1081490
"subtlex_uk",3,5268,"letter","D","token",6776272.00000005
"subtlex_uk",3,5268,"letter","E","token",16130095.0000001
"subtlex_uk",3,5268,"letter","F","token",2527454
"subtlex_uk",3,5268,"letter","G","token",1774509.00000001
"subtlex_uk",3,5268,"letter","H","token",13665422.0000001
"subtlex_uk",3,5268,"letter","I","token",2510956.00000001
"subtlex_uk",3,5268,"letter","J","token",144135
"subtlex_uk",3,5268,"letter","K","token",149753.000000001
"subtlex_uk",3,5268,"letter","L","token",2571775.00000002
"subtlex_uk",3,5268,"letter","M","token",1100382
"subtlex_uk",3,5268,"letter","N","token",10222395.0000001
"subtlex_uk",3,5268,"letter","O","token",13042699.0000001
"subtlex_uk",3,5268,"letter","P","token",663377
"subtlex_uk",3,5268,"letter","Q","token",4179
"subtlex_uk",3,5268,"letter","R","token",4487625
"subtlex_uk",3,5268,"letter","S","token",5119778.00000001
"subtlex_uk",3,5268,"letter","T","token",17429288.0000001
"subtlex_uk",3,5268,"letter","U","token",7065539.00000007
"subtlex_uk",3,5268,"letter","V","token",54415
"subtlex_uk",3,5268,"letter","W","token",4515621.00000001
"subtlex_uk",3,5268,"letter","X","token",171288.000000001
"subtlex_uk",3,5268,"letter","Y","token",6407001.00000005
"subtlex_uk",3,5268,"letter","Z","token",23833
"subtlex_uk",4,11790,"letter","A","token",14035748
"subtlex_uk",4,11790,"letter","B","token",2038432
"subtlex_uk",4,11790,"letter","C","token",2564436
"subtlex_uk",4,11790,"letter","D","token",4183317
"subtlex_uk",4,11790,"letter","E","token",21478979
"subtlex_uk",4,11790,"letter","F","token",2396562
"subtlex_uk",4,11790,"letter","G","token",1800430
"subtlex_uk",4,11790,"letter","H","token",14683342
"subtlex_uk",4,11790,"letter","I","token",8247272.00000003
"subtlex_uk",4,11790,"letter","J","token",972253.000000009
"subtlex_uk",4,11790,"letter","K","token",4035292.00000001
"subtlex_uk",4,11790,"letter","L","token",8321820.00000001
"subtlex_uk",4,11790,"letter","M","token",5535431.00000001
"subtlex_uk",4,11790,"letter","N","token",7107829
"subtlex_uk",4,11790,"letter","O","token",10701866
"subtlex_uk",4,11790,"letter","P","token",1601442
"subtlex_uk",4,11790,"letter","Q","token",28771.9999999999
"subtlex_uk",4,11790,"letter","R","token",6681597.00000001
"subtlex_uk",4,11790,"letter","S","token",7874642.00000003
"subtlex_uk",4,11790,"letter","T","token",18384939.0000001
"subtlex_uk",4,11790,"letter","U","token",3158131.00000002
"subtlex_uk",4,11790,"letter","V","token",3363343.99999999
"subtlex_uk",4,11790,"letter","W","token",7118686
"subtlex_uk",4,11790,"letter","X","token",205398.999999998
"subtlex_uk",4,11790,"letter","Y","token",4524389.00000001
"subtlex_uk",4,11790,"letter","Z","token",90439
"subtlex_uk",5,19318,"letter","A","token",7680282.00000001
"subtlex_uk",5,19318,"letter","B","token",1985275
"subtlex_uk",5,19318,"letter","C","token",3102792
"subtlex_uk",5,19318,"letter","D","token",3912962
"subtlex_uk",5,19318,"letter","E","token",13491223
"subtlex_uk",5,19318,"letter","F","token",1480423
"subtlex_uk",5,19318,"letter","G","token",4150441.99999999
"subtlex_uk",5,19318,"letter","H","token",7378243.00000001
"subtlex_uk",5,19318,"letter","I","token",7294612
"subtlex_uk",5,19318,"letter","J","token",224931
"subtlex_uk",5,19318,"letter","K","token",2053683
"subtlex_uk",5,19318,"letter","L","token",5407126
"subtlex_uk",5,19318,"letter","M","token",2024337
"subtlex_uk",5,19318,"letter","N","token",6111397
"subtlex_uk",5,19318,"letter","O","token",7683011
"subtlex_uk",5,19318,"letter","P","token",1717635
"subtlex_uk",5,19318,"letter","Q","token",266584.000000001
"subtlex_uk",5,19318,"letter","R","token",8631289.00000001
"subtlex_uk",5,19318,"letter","S","token",7150503.00000001
"subtlex_uk",5,19318,"letter","T","token",9842528.00000001
"subtlex_uk",5,19318,"letter","U","token",3917579.00000001
"subtlex_uk",5,19318,"letter","V","token",1106562
"subtlex_uk",5,19318,"letter","W","token",2777269.00000001
"subtlex_uk",5,19318,"letter","X","token",97065.0000000003
"subtlex_uk",5,19318,"letter","Y","token",2210921
"subtlex_uk",5,19318,"letter","Z","token",86628.9999999999
"subtlex_uk",6,24674,"letter","A","token",5951435
"subtlex_uk",6,24674,"letter","B","token",1530689
"subtlex_uk",6,24674,"letter","C","token",2978086
"subtlex_uk",6,24674,"letter","D","token",3494713
"subtlex_uk",6,24674,"letter","E","token",11673796
"subtlex_uk",6,24674,"letter","F","token",1355729
"subtlex_uk",6,24674,"letter","G","token",2652915
"subtlex_uk",6,24674,"letter","H","token",2667859.00000001
"subtlex_uk",6,24674,"letter","I","token",5043770
"subtlex_uk",6,24674,"letter","J","token",160548
"subtlex_uk",6,24674,"letter","K","token",892230.000000001
"subtlex_uk",6,24674,"letter","L","token",5850568
"subtlex_uk",6,24674,"letter","M","token",2253725
"subtlex_uk",6,24674,"letter","N","token",5586576
"subtlex_uk",6,24674,"letter","O","token",5736742
"subtlex_uk",6,24674,"letter","P","token",2781663
"subtlex_uk",6,24674,"letter","Q","token",56375.0000000001
"subtlex_uk",6,24674,"letter","R","token",6311974
"subtlex_uk",6,24674,"letter","S","token",5537089
"subtlex_uk",6,24674,"letter","T","token",5255133.00000001
"subtlex_uk",6,24674,"letter","U","token",2647825
"subtlex_uk",6,24674,"letter","V","token",743185.000000002
"subtlex_uk",6,24674,"letter","W","token",934183
"subtlex_uk",6,24674,"letter","X","token",133067
"subtlex_uk",6,24674,"letter","Y","token",2123407
"subtlex_uk",6,24674,"letter","Z","token",80622
"subtlex_uk",7,26018,"letter","A","token",5752923
"subtlex_uk",7,26018,"letter","B","token",1614167
"subtlex_uk",7,26018,"letter","C","token",3480509
"subtlex_uk",7,26018,"letter","D","token",2660684
"subtlex_uk",7,26018,"letter","E","token",9799270
"subtlex_uk",7,26018,"letter","F","token",1029494
"subtlex_uk",7,26018,"letter","G","token",3568440
"subtlex_uk",7,26018,"letter","H","token",2697538
"subtlex_uk",7,26018,"letter","I","token",6274654.00000001
"subtlex_uk",7,26018,"letter","J","token",166935
"subtlex_uk",7,26018,"letter","K","token",895970.000000001
"subtlex_uk",7,26018,"letter","L","token",3822155
"subtlex_uk",7,26018,"letter","M","token",1914116
"subtlex_uk",7,26018,"letter","N","token",6080082
"subtlex_uk",7,26018,"letter","O","token",4760708
"subtlex_uk",7,26018,"letter","P","token",1978059
"subtlex_uk",7,26018,"letter","Q","token",119529
"subtlex_uk",7,26018,"letter","R","token",5875343
"subtlex_uk",7,26018,"letter","S","token",5255288
"subtlex_uk",7,26018,"letter","T","token",5578955
"subtlex_uk",7,26018,"letter","U","token",2797808
"subtlex_uk",7,26018,"letter","V","token",758684.000000001
"subtlex_uk",7,26018,"letter","W","token",1155976
"subtlex_uk",7,26018,"letter","X","token",195630
"subtlex_uk",7,26018,"letter","Y","token",1309764
"subtlex_uk",7,26018,"letter","Z","token",107214
"subtlex_uk",8,22770,"letter","A","token",3843922.00000001
"subtlex_uk",8,22770,"letter","B","token",1049933
"subtlex_uk",8,22770,"letter","C","token",2262037
"subtlex_uk",8,22770,"letter","D","token",2120224
"subtlex_uk",8,22770,"letter","E","token",6414970
"subtlex_uk",8,22770,"letter","F","token",631023
"subtlex_uk",8,22770,"letter","G","token",1869394
"subtlex_uk",8,22770,"letter","H","token",1529354
"subtlex_uk",8,22770,"letter","I","token",4640622
"subtlex_uk",8,22770,"letter","J","token",76809
"subtlex_uk",8,22770,"letter","K","token",316330
"subtlex_uk",8,22770,"letter","L","token",2700096
"subtlex_uk",8,22770,"letter","M","token",1413177
"subtlex_uk",8,22770,"letter","N","token",4255931
"subtlex_uk",8,22770,"letter","O","token",3368846
"subtlex_uk",8,22770,"letter","P","token",1721734
"subtlex_uk",8,22770,"letter","Q","token",133720.000000001
"subtlex_uk",8,22770,"letter","R","token",4161645
"subtlex_uk",8,22770,"letter","S","token",3905093
"subtlex_uk",8,22770,"letter","T","token",3756907
"subtlex_uk",8,22770,"letter","U","token",1635098
"subtlex_uk",8,22770,"letter","V","token",627921
"subtlex_uk",8,22770,"letter","W","token",415244.000000001
"subtlex_uk",8,22770,"letter","X","token",96786.0000000001
"subtlex_uk",8,22770,"letter","Y","token",1143030
"subtlex_uk",8,22770,"letter","Z","token",42848
"subtlex_uk",9,17911,"letter","A","token",2846996
"subtlex_uk",9,17911,"letter","B","token",609144
"subtlex_uk",9,17911,"letter","C","token",1876515
"subtlex_uk",9,17911,"letter","D","token",1583803
"subtlex_uk",9,17911,"letter","E","token",5268707
"subtlex_uk",9,17911,"letter","F","token",932649
"subtlex_uk",9,17911,"letter","G","token",1222765
"subtlex_uk",9,17911,"letter","H","token",973313
"subtlex_uk",9,17911,"letter","I","token",3825927
"subtlex_uk",9,17911,"letter","J","token",29685
"subtlex_uk",9,17911,"letter","K","token",162084
"subtlex_uk",9,17911,"letter","L","token",2091872
"subtlex_uk",9,17911,"letter","M","token",1298808
"subtlex_uk",9,17911,"letter","N","token",3433985
"subtlex_uk",9,17911,"letter","O","token",2740722
"subtlex_uk",9,17911,"letter","P","token",1047965
"subtlex_uk",9,17911,"letter","Q","token",76920.9999999998
"subtlex_uk",9,17911,"letter","R","token",2919833
"subtlex_uk",9,17911,"letter","S","token",2873332
"subtlex_uk",9,17911,"letter","T","token",3381897
"subtlex_uk",9,17911,"letter","U","token",1305313
"subtlex_uk",9,17911,"letter","V","token",483236.000000001
"subtlex_uk",9,17911,"letter","W","token",318540
"subtlex_uk",9,17911,"letter","X","token",123370
"subtlex_uk",9,17911,"letter","Y","token",691933
"subtlex_uk",9,17911,"letter","Z","token",26215
"subtlex_uk",10,13135,"letter","A","token",1641547
"subtlex_uk",10,13135,"letter","B","token",376274
"subtlex_uk",10,13135,"letter","C","token",1159157
"subtlex_uk",10,13135,"letter","D","token",922926.000000001
"subtlex_uk",10,13135,"letter","E","token",3688318
"subtlex_uk",10,13135,"letter","F","token",339083
"subtlex_uk",10,13135,"letter","G","token",811666.000000001
"subtlex_uk",10,13135,"letter","H","token",599460.999999999
"subtlex_uk",10,13135,"letter","I","token",2335642
"subtlex_uk",10,13135,"letter","J","token",16059
"subtlex_uk",10,13135,"letter","K","token",82723
"subtlex_uk",10,13135,"letter","L","token",1414968
"subtlex_uk",10,13135,"letter","M","token",777131.000000002
"subtlex_uk",10,13135,"letter","N","token",2377208
"subtlex_uk",10,13135,"letter","O","token",1692835
"subtlex_uk",10,13135,"letter","P","token",801602
"subtlex_uk",10,13135,"letter","Q","token",25090
"subtlex_uk",10,13135,"letter","R","token",1993821
"subtlex_uk",10,13135,"letter","S","token",1835027
"subtlex_uk",10,13135,"letter","T","token",2161640
"subtlex_uk",10,13135,"letter","U","token",881947
"subtlex_uk",10,13135,"letter","V","token",552849.000000001
"subtlex_uk",10,13135,"letter","W","token",135277
"subtlex_uk",10,13135,"letter","X","token",70630.0000000002
"subtlex_uk",10,13135,"letter","Y","token",534360.999999999
"subtlex_uk",10,13135,"letter","Z","token",13509
